{"cameraMode":{"drawMode":0,"name":"Shaded","section":"Shading Mode"},"sceneLighting":false,"audioPlay":false,"sceneViewState":{"showFog":true,"showMaterialUpdate":false,"showSkybox":true,"showFlares":true,"showImageEffects":true,"showParticleSystems":true},"in2DMode":false,"pivot":{"x":3.3990747928619386,"y":-0.3135185241699219,"z":-12.273104667663575},"rotation":{"x":-0.01773281767964363,"y":-0.9812664985656738,"z":0.15615317225456239,"w":-0.11143531650304795},"size":16.11768913269043,"orthographic":false}