{"cameraMode":{"drawMode":0,"name":"Shaded","section":"Shading Mode"},"sceneLighting":false,"audioPlay":false,"sceneViewState":{"showFog":true,"showMaterialUpdate":false,"showSkybox":true,"showFlares":true,"showImageEffects":true,"showParticleSystems":true},"in2DMode":false,"pivot":{"x":-5.823951721191406,"y":-6.522846221923828,"z":7.865595817565918},"rotation":{"x":-0.3199934661388397,"y":0.3067813217639923,"z":-0.11035610735416413,"w":-0.8895566463470459},"size":17.91223907470703,"orthographic":false}