{"cameraMode":{"drawMode":0,"name":"Shaded","section":"Shading Mode"},"sceneLighting":false,"audioPlay":false,"sceneViewState":{"showFog":true,"showMaterialUpdate":false,"showSkybox":true,"showFlares":true,"showImageEffects":true,"showParticleSystems":true},"in2DMode":false,"pivot":{"x":-4.978321075439453,"y":-1.4499473571777344,"z":3.3287220001220705},"rotation":{"x":0.183723583817482,"y":-0.692951500415802,"z":0.18977433443069459,"w":0.670857310295105},"size":97.7143325805664,"orthographic":false}