{"cameraMode":{"drawMode":0,"name":"Shaded","section":"Shading Mode"},"sceneLighting":false,"audioPlay":false,"sceneViewState":{"showFog":true,"showMaterialUpdate":false,"showSkybox":true,"showFlares":true,"showImageEffects":true,"showParticleSystems":true},"in2DMode":false,"pivot":{"x":-0.38482585549354555,"y":-0.13226395845413209,"z":0.09866663813591004},"rotation":{"x":-0.30276283621788027,"y":0.39473411440849306,"z":-0.13958697021007539,"w":-0.8561747074127197},"size":0.9382232427597046,"orthographic":false}